"StateFIPS","State","CensusTract","Census Tract","Year","Value","Data Comment",
"41","Oregon","41001950100","Baker County, OR - 41001950100","2021","0.50","",
"41","Oregon","41001950200","Baker County, OR - 41001950200","2021","0.42","",
"41","Oregon","41001950300","Baker County, OR - 41001950300","2021","0.36","",
"41","Oregon","41001950400","Baker County, OR - 41001950400","2021","0.41","",
"41","Oregon","41001950500","Baker County, OR - 41001950500","2021","0.44","",
"41","Oregon","41001950600","Baker County, OR - 41001950600","2021","0.47","",
"41","Oregon","41003000100","Benton County, OR - 41003000100","2021","0.62","",
"41","Oregon","41003000202","Benton County, OR - 41003000202","2021","0.71","",
"41","Oregon","41003000400","Benton County, OR - 41003000400","2021","0.65","",
"41","Oregon","41003000500","Benton County, OR - 41003000500","2021","0.74","",
"41","Oregon","41003000600","Benton County, OR - 41003000600","2021","0.69","",
"41","Oregon","41003000900","Benton County, OR - 41003000900","2021","0.71","",
"41","Oregon","41003001001","Benton County, OR - 41003001001","2021","0.42","",
"41","Oregon","41003001002","Benton County, OR - 41003001002","2021","0.53","",
"41","Oregon","41003001101","Benton County, OR - 41003001101","2021","0.43","",
"41","Oregon","41003001102","Benton County, OR - 41003001102","2021","0.47","",
"41","Oregon","41003010100","Benton County, OR - 41003010100","2021","0.70","",
"41","Oregon","41003010200","Benton County, OR - 41003010200","2021","0.77","",
"41","Oregon","41003010300","Benton County, OR - 41003010300","2021","0.77","",
"41","Oregon","41003010400","Benton County, OR - 41003010400","2021","0.74","",
"41","Oregon","41003010600","Benton County, OR - 41003010600","2021","0.44","",
"41","Oregon","41003010702","Benton County, OR - 41003010702","2021","0.62","",
"41","Oregon","41003010800","Benton County, OR - 41003010800","2021","0.63","",
"41","Oregon","41003010900","Benton County, OR - 41003010900","2021","0.74","",
"41","Oregon","41005020100","Clackamas County, OR - 41005020100","2021","0.62","",
"41","Oregon","41005020200","Clackamas County, OR - 41005020200","2021","0.56","",
"41","Oregon","41005020302","Clackamas County, OR - 41005020302","2021","0.54","",
"41","Oregon","41005020303","Clackamas County, OR - 41005020303","2021","0.60","",
"41","Oregon","41005020304","Clackamas County, OR - 41005020304","2021","0.57","",
"41","Oregon","41005020401","Clackamas County, OR - 41005020401","2021","0.57","",
"41","Oregon","41005020403","Clackamas County, OR - 41005020403","2021","0.67","",
"41","Oregon","41005020404","Clackamas County, OR - 41005020404","2021","0.53","",
"41","Oregon","41005020501","Clackamas County, OR - 41005020501","2021","0.67","",
"41","Oregon","41005020503","Clackamas County, OR - 41005020503","2021","0.63","",
"41","Oregon","41005020504","Clackamas County, OR - 41005020504","2021","0.62","",
"41","Oregon","41005020505","Clackamas County, OR - 41005020505","2021","0.59","",
"41","Oregon","41005020600","Clackamas County, OR - 41005020600","2021","0.54","",
"41","Oregon","41005020700","Clackamas County, OR - 41005020700","2021","0.53","",
"41","Oregon","41005020800","Clackamas County, OR - 41005020800","2021","0.46","",
"41","Oregon","41005020900","Clackamas County, OR - 41005020900","2021","0.53","",
"41","Oregon","41005021000","Clackamas County, OR - 41005021000","2021","0.52","",
"41","Oregon","41005021100","Clackamas County, OR - 41005021100","2021","0.50","",
"41","Oregon","41005021200","Clackamas County, OR - 41005021200","2021","0.47","",
"41","Oregon","41005021300","Clackamas County, OR - 41005021300","2021","0.51","",
"41","Oregon","41005021400","Clackamas County, OR - 41005021400","2021","0.54","",
"41","Oregon","41005021500","Clackamas County, OR - 41005021500","2021","0.50","",
"41","Oregon","41005021601","Clackamas County, OR - 41005021601","2021","0.41","",
"41","Oregon","41005021602","Clackamas County, OR - 41005021602","2021","0.49","",
"41","Oregon","41005021700","Clackamas County, OR - 41005021700","2021","0.48","",
"41","Oregon","41005021801","Clackamas County, OR - 41005021801","2021","0.56","",
"41","Oregon","41005021802","Clackamas County, OR - 41005021802","2021","0.46","",
"41","Oregon","41005021900","Clackamas County, OR - 41005021900","2021","0.45","",
"41","Oregon","41005022000","Clackamas County, OR - 41005022000","2021","0.50","",
"41","Oregon","41005022101","Clackamas County, OR - 41005022101","2021","0.49","",
"41","Oregon","41005022103","Clackamas County, OR - 41005022103","2021","0.53","",
"41","Oregon","41005022105","Clackamas County, OR - 41005022105","2021","0.49","",
"41","Oregon","41005022107","Clackamas County, OR - 41005022107","2021","0.52","",
"41","Oregon","41005022108","Clackamas County, OR - 41005022108","2021","0.39","",
"41","Oregon","41005022201","Clackamas County, OR - 41005022201","2021","0.32","",
"41","Oregon","41005022205","Clackamas County, OR - 41005022205","2021","0.53","",
"41","Oregon","41005022206","Clackamas County, OR - 41005022206","2021","0.60","",
"41","Oregon","41005022207","Clackamas County, OR - 41005022207","2021","0.57","",
"41","Oregon","41005022208","Clackamas County, OR - 41005022208","2021","0.63","",
"41","Oregon","41005022301","Clackamas County, OR - 41005022301","2021","0.65","",
"41","Oregon","41005022302","Clackamas County, OR - 41005022302","2021","0.70","",
"41","Oregon","41005022400","Clackamas County, OR - 41005022400","2021","0.49","",
"41","Oregon","41005022500","Clackamas County, OR - 41005022500","2021","0.58","",
"41","Oregon","41005022602","Clackamas County, OR - 41005022602","2021","0.64","",
"41","Oregon","41005022603","Clackamas County, OR - 41005022603","2021","0.49","",
"41","Oregon","41005022605","Clackamas County, OR - 41005022605","2021","0.58","",
"41","Oregon","41005022606","Clackamas County, OR - 41005022606","2021","0.60","",
"41","Oregon","41005022702","Clackamas County, OR - 41005022702","2021","0.67","",
"41","Oregon","41005022707","Clackamas County, OR - 41005022707","2021","0.60","",
"41","Oregon","41005022708","Clackamas County, OR - 41005022708","2021","0.68","",
"41","Oregon","41005022710","Clackamas County, OR - 41005022710","2021","0.59","",
"41","Oregon","41005022800","Clackamas County, OR - 41005022800","2021","0.62","",
"41","Oregon","41005022901","Clackamas County, OR - 41005022901","2021","0.64","",
"41","Oregon","41005022904","Clackamas County, OR - 41005022904","2021","0.48","",
"41","Oregon","41005022905","Clackamas County, OR - 41005022905","2021","0.59","",
"41","Oregon","41005022906","Clackamas County, OR - 41005022906","2021","0.47","",
"41","Oregon","41005022907","Clackamas County, OR - 41005022907","2021","0.40","",
"41","Oregon","41005023001","Clackamas County, OR - 41005023001","2021","0.71","",
"41","Oregon","41005023002","Clackamas County, OR - 41005023002","2021","0.69","",
"41","Oregon","41005023100","Clackamas County, OR - 41005023100","2021","0.69","",
"41","Oregon","41005023201","Clackamas County, OR - 41005023201","2021","0.69","",
"41","Oregon","41005023202","Clackamas County, OR - 41005023202","2021","0.66","",
"41","Oregon","41005023300","Clackamas County, OR - 41005023300","2021","0.67","",
"41","Oregon","41005023401","Clackamas County, OR - 41005023401","2021","0.67","",
"41","Oregon","41005023403","Clackamas County, OR - 41005023403","2021","0.68","",
"41","Oregon","41005023404","Clackamas County, OR - 41005023404","2021","0.68","",
"41","Oregon","41005023500","Clackamas County, OR - 41005023500","2021","0.72","",
"41","Oregon","41005023600","Clackamas County, OR - 41005023600","2021","0.71","",
"41","Oregon","41005023700","Clackamas County, OR - 41005023700","2021","0.72","",
"41","Oregon","41005023800","Clackamas County, OR - 41005023800","2021","0.65","",
"41","Oregon","41005023901","Clackamas County, OR - 41005023901","2021","0.59","",
"41","Oregon","41005023902","Clackamas County, OR - 41005023902","2021","0.66","",
"41","Oregon","41005024000","Clackamas County, OR - 41005024000","2021","0.64","",
"41","Oregon","41005024100","Clackamas County, OR - 41005024100","2021","0.68","",
"41","Oregon","41005024200","Clackamas County, OR - 41005024200","2021","0.73","",
"41","Oregon","41005024302","Clackamas County, OR - 41005024302","2021","0.77","",
"41","Oregon","41005024303","Clackamas County, OR - 41005024303","2021","0.74","",
"41","Oregon","41005024304","Clackamas County, OR - 41005024304","2021","0.73","",
"41","Oregon","41005024400","Clackamas County, OR - 41005024400","2021","0.55","",
"41","Oregon","41005980000","Clackamas County, OR - 41005980000","2021","0.68","",
"41","Oregon","41007950100","Clatsop County, OR - 41007950100","2021","0.27","",
"41","Oregon","41007950200","Clatsop County, OR - 41007950200","2021","0.42","",
"41","Oregon","41007950300","Clatsop County, OR - 41007950300","2021","0.54","",
"41","Oregon","41007950400","Clatsop County, OR - 41007950400","2021","0.61","",
"41","Oregon","41007950500","Clatsop County, OR - 41007950500","2021","0.43","",
"41","Oregon","41007950600","Clatsop County, OR - 41007950600","2021","0.73","",
"41","Oregon","41007950700","Clatsop County, OR - 41007950700","2021","0.65","",
"41","Oregon","41007950900","Clatsop County, OR - 41007950900","2021","0.30","",
"41","Oregon","41007951100","Clatsop County, OR - 41007951100","2021","0.72","",
"41","Oregon","41007951200","Clatsop County, OR - 41007951200","2021","0.75","",
"41","Oregon","41007951300","Clatsop County, OR - 41007951300","2021","0.62","",
"41","Oregon","41007990000","Clatsop County, OR - 41007990000","2021","0.05","",
"41","Oregon","41009970200","Columbia County, OR - 41009970200","2021","0.76","",
"41","Oregon","41009970300","Columbia County, OR - 41009970300","2021","0.69","",
"41","Oregon","41009970400","Columbia County, OR - 41009970400","2021","0.75","",
"41","Oregon","41009970500","Columbia County, OR - 41009970500","2021","0.77","",
"41","Oregon","41009970600","Columbia County, OR - 41009970600","2021","0.75","",
"41","Oregon","41009970700","Columbia County, OR - 41009970700","2021","0.46","",
"41","Oregon","41009970800","Columbia County, OR - 41009970800","2021","0.55","",
"41","Oregon","41009970900","Columbia County, OR - 41009970900","2021","0.58","",
"41","Oregon","41009971000","Columbia County, OR - 41009971000","2021","0.78","",
"41","Oregon","41009971100","Columbia County, OR - 41009971100","2021","0.78","",
"41","Oregon","41011000100","Coos County, OR - 41011000100","2021","0.68","",
"41","Oregon","41011000200","Coos County, OR - 41011000200","2021","0.77","",
"41","Oregon","41011000300","Coos County, OR - 41011000300","2021","0.44","",
"41","Oregon","41011000400","Coos County, OR - 41011000400","2021","0.39","",
"41","Oregon","41011000502","Coos County, OR - 41011000502","2021","0.60","",
"41","Oregon","41011000503","Coos County, OR - 41011000503","2021","0.33","",
"41","Oregon","41011000504","Coos County, OR - 41011000504","2021","0.59","",
"41","Oregon","41011000600","Coos County, OR - 41011000600","2021","0.68","",
"41","Oregon","41011000700","Coos County, OR - 41011000700","2021","0.67","",
"41","Oregon","41011000800","Coos County, OR - 41011000800","2021","0.70","",
"41","Oregon","41011000900","Coos County, OR - 41011000900","2021","0.76","",
"41","Oregon","41011001000","Coos County, OR - 41011001000","2021","0.69","",
"41","Oregon","41011001100","Coos County, OR - 41011001100","2021","0.77","",
"41","Oregon","41011990101","Coos County, OR - 41011990101","2021","0.05","",
"41","Oregon","41013950100","Crook County, OR - 41013950100","2021","0.50","",
"41","Oregon","41013950200","Crook County, OR - 41013950200","2021","0.48","",
"41","Oregon","41013950300","Crook County, OR - 41013950300","2021","0.38","",
"41","Oregon","41013950400","Crook County, OR - 41013950400","2021","0.30","",
"41","Oregon","41015950100","Curry County, OR - 41015950100","2021","0.71","",
"41","Oregon","41015950200","Curry County, OR - 41015950200","2021","0.64","",
"41","Oregon","41015950301","Curry County, OR - 41015950301","2021","0.65","",
"41","Oregon","41015950302","Curry County, OR - 41015950302","2021","0.44","",
"41","Oregon","41015950400","Curry County, OR - 41015950400","2021","0.64","",
"41","Oregon","41015990101","Curry County, OR - 41015990101","2021","0.05","",
"41","Oregon","41017000100","Deschutes County, OR - 41017000100","2021","0.30","",
"41","Oregon","41017000200","Deschutes County, OR - 41017000200","2021","0.52","",
"41","Oregon","41017000300","Deschutes County, OR - 41017000300","2021","0.45","",
"41","Oregon","41017000401","Deschutes County, OR - 41017000401","2021","0.41","",
"41","Oregon","41017000402","Deschutes County, OR - 41017000402","2021","0.49","",
"41","Oregon","41017000500","Deschutes County, OR - 41017000500","2021","0.50","",
"41","Oregon","41017000600","Deschutes County, OR - 41017000600","2021","0.33","",
"41","Oregon","41017000700","Deschutes County, OR - 41017000700","2021","0.38","",
"41","Oregon","41017000800","Deschutes County, OR - 41017000800","2021","0.35","",
"41","Oregon","41017000900","Deschutes County, OR - 41017000900","2021","0.23","",
"41","Oregon","41017001001","Deschutes County, OR - 41017001001","2021","0.32","",
"41","Oregon","41017001002","Deschutes County, OR - 41017001002","2021","0.29","",
"41","Oregon","41017001100","Deschutes County, OR - 41017001100","2021","0.37","",
"41","Oregon","41017001200","Deschutes County, OR - 41017001200","2021","0.30","",
"41","Oregon","41017001300","Deschutes County, OR - 41017001300","2021","0.40","",
"41","Oregon","41017001400","Deschutes County, OR - 41017001400","2021","0.41","",
"41","Oregon","41017001500","Deschutes County, OR - 41017001500","2021","0.31","",
"41","Oregon","41017001600","Deschutes County, OR - 41017001600","2021","0.32","",
"41","Oregon","41017001700","Deschutes County, OR - 41017001700","2021","0.38","",
"41","Oregon","41017001800","Deschutes County, OR - 41017001800","2021","0.35","",
"41","Oregon","41017001901","Deschutes County, OR - 41017001901","2021","0.36","",
"41","Oregon","41017001902","Deschutes County, OR - 41017001902","2021","0.36","",
"41","Oregon","41017002000","Deschutes County, OR - 41017002000","2021","0.41","",
"41","Oregon","41017002100","Deschutes County, OR - 41017002100","2021","0.41","",
"41","Oregon","41019010000","Douglas County, OR - 41019010000","2021","0.73","",
"41","Oregon","41019020000","Douglas County, OR - 41019020000","2021","0.74","",
"41","Oregon","41019030000","Douglas County, OR - 41019030000","2021","0.75","",
"41","Oregon","41019040000","Douglas County, OR - 41019040000","2021","0.71","",
"41","Oregon","41019050001","Douglas County, OR - 41019050001","2021","0.68","",
"41","Oregon","41019050002","Douglas County, OR - 41019050002","2021","0.63","",
"41","Oregon","41019060000","Douglas County, OR - 41019060000","2021","0.70","",
"41","Oregon","41019070000","Douglas County, OR - 41019070000","2021","0.73","",
"41","Oregon","41019080000","Douglas County, OR - 41019080000","2021","0.59","",
"41","Oregon","41019090000","Douglas County, OR - 41019090000","2021","0.64","",
"41","Oregon","41019100000","Douglas County, OR - 41019100000","2021","0.64","",
"41","Oregon","41019110000","Douglas County, OR - 41019110000","2021","0.68","",
"41","Oregon","41019120000","Douglas County, OR - 41019120000","2021","0.60","",
"41","Oregon","41019130000","Douglas County, OR - 41019130000","2021","0.56","",
"41","Oregon","41019140000","Douglas County, OR - 41019140000","2021","0.61","",
"41","Oregon","41019150000","Douglas County, OR - 41019150000","2021","0.52","",
"41","Oregon","41019160000","Douglas County, OR - 41019160000","2021","0.64","",
"41","Oregon","41019170000","Douglas County, OR - 41019170000","2021","0.71","",
"41","Oregon","41019180000","Douglas County, OR - 41019180000","2021","0.72","",
"41","Oregon","41019190000","Douglas County, OR - 41019190000","2021","0.65","",
"41","Oregon","41019200000","Douglas County, OR - 41019200000","2021","0.67","",
"41","Oregon","41019210000","Douglas County, OR - 41019210000","2021","0.71","",
"41","Oregon","41019990000","Douglas County, OR - 41019990000","2021","0.05","",
"41","Oregon","41021960100","Gilliam County, OR - 41021960100","2021","0.35","",
"41","Oregon","41023960100","Grant County, OR - 41023960100","2021","0.51","",
"41","Oregon","41023960200","Grant County, OR - 41023960200","2021","0.44","",
"41","Oregon","41025960100","Harney County, OR - 41025960100","2021","0.38","",
"41","Oregon","41025960200","Harney County, OR - 41025960200","2021","0.25","",
"41","Oregon","41027950100","Hood River County, OR - 41027950100","2021","0.68","",
"41","Oregon","41027950200","Hood River County, OR - 41027950200","2021","0.70","",
"41","Oregon","41027950300","Hood River County, OR - 41027950300","2021","0.36","",
"41","Oregon","41027950400","Hood River County, OR - 41027950400","2021","0.70","",
"41","Oregon","41029000100","Jackson County, OR - 41029000100","2021","0.25","",
"41","Oregon","41029000201","Jackson County, OR - 41029000201","2021","0.38","",
"41","Oregon","41029000202","Jackson County, OR - 41029000202","2021","0.41","",
"41","Oregon","41029000203","Jackson County, OR - 41029000203","2021","0.44","",
"41","Oregon","41029000300","Jackson County, OR - 41029000300","2021","0.40","",
"41","Oregon","41029000403","Jackson County, OR - 41029000403","2021","0.53","",
"41","Oregon","41029000404","Jackson County, OR - 41029000404","2021","0.46","",
"41","Oregon","41029000405","Jackson County, OR - 41029000405","2021","0.42","",
"41","Oregon","41029000406","Jackson County, OR - 41029000406","2021","0.39","",
"41","Oregon","41029000501","Jackson County, OR - 41029000501","2021","0.52","",
"41","Oregon","41029000502","Jackson County, OR - 41029000502","2021","0.39","",
"41","Oregon","41029000601","Jackson County, OR - 41029000601","2021","0.53","",
"41","Oregon","41029000602","Jackson County, OR - 41029000602","2021","0.60","",
"41","Oregon","41029000700","Jackson County, OR - 41029000700","2021","0.55","",
"41","Oregon","41029000800","Jackson County, OR - 41029000800","2021","0.58","",
"41","Oregon","41029000900","Jackson County, OR - 41029000900","2021","0.61","",
"41","Oregon","41029001001","Jackson County, OR - 41029001001","2021","0.38","",
"41","Oregon","41029001002","Jackson County, OR - 41029001002","2021","0.48","",
"41","Oregon","41029001100","Jackson County, OR - 41029001100","2021","0.58","",
"41","Oregon","41029001200","Jackson County, OR - 41029001200","2021","0.50","",
"41","Oregon","41029001301","Jackson County, OR - 41029001301","2021","0.52","",
"41","Oregon","41029001302","Jackson County, OR - 41029001302","2021","0.57","",
"41","Oregon","41029001400","Jackson County, OR - 41029001400","2021","0.62","",
"41","Oregon","41029001500","Jackson County, OR - 41029001500","2021","0.66","",
"41","Oregon","41029001601","Jackson County, OR - 41029001601","2021","0.44","",
"41","Oregon","41029001602","Jackson County, OR - 41029001602","2021","0.62","",
"41","Oregon","41029001700","Jackson County, OR - 41029001700","2021","0.57","",
"41","Oregon","41029001800","Jackson County, OR - 41029001800","2021","0.53","",
"41","Oregon","41029001900","Jackson County, OR - 41029001900","2021","0.46","",
"41","Oregon","41029002000","Jackson County, OR - 41029002000","2021","0.45","",
"41","Oregon","41029002100","Jackson County, OR - 41029002100","2021","0.67","",
"41","Oregon","41029002200","Jackson County, OR - 41029002200","2021","0.63","",
"41","Oregon","41029002300","Jackson County, OR - 41029002300","2021","0.67","",
"41","Oregon","41029002400","Jackson County, OR - 41029002400","2021","0.60","",
"41","Oregon","41029002500","Jackson County, OR - 41029002500","2021","0.63","",
"41","Oregon","41029002600","Jackson County, OR - 41029002600","2021","0.67","",
"41","Oregon","41029002700","Jackson County, OR - 41029002700","2021","0.63","",
"41","Oregon","41029002800","Jackson County, OR - 41029002800","2021","0.65","",
"41","Oregon","41029002900","Jackson County, OR - 41029002900","2021","0.72","",
"41","Oregon","41029003001","Jackson County, OR - 41029003001","2021","0.67","",
"41","Oregon","41029003002","Jackson County, OR - 41029003002","2021","0.68","",
"41","Oregon","41031940000","Jefferson County, OR - 41031940000","2021","0.40","",
"41","Oregon","41031960100","Jefferson County, OR - 41031960100","2021","0.34","",
"41","Oregon","41031960201","Jefferson County, OR - 41031960201","2021","0.46","",
"41","Oregon","41031960202","Jefferson County, OR - 41031960202","2021","0.37","",
"41","Oregon","41031960301","Jefferson County, OR - 41031960301","2021","0.27","",
"41","Oregon","41031960302","Jefferson County, OR - 41031960302","2021","0.49","",
"41","Oregon","41033360100","Josephine County, OR - 41033360100","2021","0.70","",
"41","Oregon","41033360300","Josephine County, OR - 41033360300","2021","0.64","",
"41","Oregon","41033360400","Josephine County, OR - 41033360400","2021","0.69","",
"41","Oregon","41033360500","Josephine County, OR - 41033360500","2021","0.39","",
"41","Oregon","41033360600","Josephine County, OR - 41033360600","2021","0.60","",
"41","Oregon","41033360701","Josephine County, OR - 41033360701","2021","0.40","",
"41","Oregon","41033360702","Josephine County, OR - 41033360702","2021","0.47","",
"41","Oregon","41033360800","Josephine County, OR - 41033360800","2021","0.67","",
"41","Oregon","41033360900","Josephine County, OR - 41033360900","2021","0.60","",
"41","Oregon","41033361000","Josephine County, OR - 41033361000","2021","0.63","",
"41","Oregon","41033361100","Josephine County, OR - 41033361100","2021","0.54","",
"41","Oregon","41033361200","Josephine County, OR - 41033361200","2021","0.46","",
"41","Oregon","41033361300","Josephine County, OR - 41033361300","2021","0.67","",
"41","Oregon","41033361400","Josephine County, OR - 41033361400","2021","0.71","",
"41","Oregon","41033361500","Josephine County, OR - 41033361500","2021","0.62","",
"41","Oregon","41033361600","Josephine County, OR - 41033361600","2021","0.63","",
"41","Oregon","41035970100","Klamath County, OR - 41035970100","2021","0.51","",
"41","Oregon","41035970200","Klamath County, OR - 41035970200","2021","0.47","",
"41","Oregon","41035970300","Klamath County, OR - 41035970300","2021","0.54","",
"41","Oregon","41035970400","Klamath County, OR - 41035970400","2021","0.50","",
"41","Oregon","41035970500","Klamath County, OR - 41035970500","2021","0.42","",
"41","Oregon","41035970600","Klamath County, OR - 41035970600","2021","0.54","",
"41","Oregon","41035970700","Klamath County, OR - 41035970700","2021","0.49","",
"41","Oregon","41035970800","Klamath County, OR - 41035970800","2021","0.51","",
"41","Oregon","41035970900","Klamath County, OR - 41035970900","2021","0.44","",
"41","Oregon","41035971000","Klamath County, OR - 41035971000","2021","0.44","",
"41","Oregon","41035971100","Klamath County, OR - 41035971100","2021","0.43","",
"41","Oregon","41035971200","Klamath County, OR - 41035971200","2021","0.41","",
"41","Oregon","41035971300","Klamath County, OR - 41035971300","2021","0.43","",
"41","Oregon","41035971400","Klamath County, OR - 41035971400","2021","0.45","",
"41","Oregon","41035971500","Klamath County, OR - 41035971500","2021","0.37","",
"41","Oregon","41035971600","Klamath County, OR - 41035971600","2021","0.32","",
"41","Oregon","41035971700","Klamath County, OR - 41035971700","2021","0.34","",
"41","Oregon","41035971800","Klamath County, OR - 41035971800","2021","0.28","",
"41","Oregon","41035971900","Klamath County, OR - 41035971900","2021","0.36","",
"41","Oregon","41035972000","Klamath County, OR - 41035972000","2021","0.31","",
"41","Oregon","41037960100","Lake County, OR - 41037960100","2021","0.26","",
"41","Oregon","41037960200","Lake County, OR - 41037960200","2021","0.46","",
"41","Oregon","41039000100","Lane County, OR - 41039000100","2021","0.63","",
"41","Oregon","41039000200","Lane County, OR - 41039000200","2021","0.74","",
"41","Oregon","41039000300","Lane County, OR - 41039000300","2021","0.73","",
"41","Oregon","41039000402","Lane County, OR - 41039000402","2021","0.75","",
"41","Oregon","41039000403","Lane County, OR - 41039000403","2021","0.71","",
"41","Oregon","41039000404","Lane County, OR - 41039000404","2021","0.68","",
"41","Oregon","41039000500","Lane County, OR - 41039000500","2021","0.79","",
"41","Oregon","41039000702","Lane County, OR - 41039000702","2021","0.66","",
"41","Oregon","41039000705","Lane County, OR - 41039000705","2021","0.47","",
"41","Oregon","41039000706","Lane County, OR - 41039000706","2021","0.49","",
"41","Oregon","41039000707","Lane County, OR - 41039000707","2021","0.47","",
"41","Oregon","41039000708","Lane County, OR - 41039000708","2021","0.75","",
"41","Oregon","41039000800","Lane County, OR - 41039000800","2021","0.77","",
"41","Oregon","41039000902","Lane County, OR - 41039000902","2021","0.76","",
"41","Oregon","41039000903","Lane County, OR - 41039000903","2021","0.57","",
"41","Oregon","41039000904","Lane County, OR - 41039000904","2021","0.73","",
"41","Oregon","41039001001","Lane County, OR - 41039001001","2021","0.60","",
"41","Oregon","41039001002","Lane County, OR - 41039001002","2021","0.71","",
"41","Oregon","41039001101","Lane County, OR - 41039001101","2021","0.70","",
"41","Oregon","41039001102","Lane County, OR - 41039001102","2021","0.73","",
"41","Oregon","41039001201","Lane County, OR - 41039001201","2021","0.73","",
"41","Oregon","41039001202","Lane County, OR - 41039001202","2021","0.72","",
"41","Oregon","41039001301","Lane County, OR - 41039001301","2021","0.72","",
"41","Oregon","41039001302","Lane County, OR - 41039001302","2021","0.72","",
"41","Oregon","41039001400","Lane County, OR - 41039001400","2021","0.75","",
"41","Oregon","41039001500","Lane County, OR - 41039001500","2021","0.72","",
"41","Oregon","41039001600","Lane County, OR - 41039001600","2021","0.74","",
"41","Oregon","41039001700","Lane County, OR - 41039001700","2021","0.71","",
"41","Oregon","41039001801","Lane County, OR - 41039001801","2021","0.70","",
"41","Oregon","41039001803","Lane County, OR - 41039001803","2021","0.61","",
"41","Oregon","41039001804","Lane County, OR - 41039001804","2021","0.63","",
"41","Oregon","41039001902","Lane County, OR - 41039001902","2021","0.40","",
"41","Oregon","41039001903","Lane County, OR - 41039001903","2021","0.44","",
"41","Oregon","41039001904","Lane County, OR - 41039001904","2021","0.47","",
"41","Oregon","41039002001","Lane County, OR - 41039002001","2021","0.55","",
"41","Oregon","41039002002","Lane County, OR - 41039002002","2021","0.50","",
"41","Oregon","41039002101","Lane County, OR - 41039002101","2021","0.57","",
"41","Oregon","41039002102","Lane County, OR - 41039002102","2021","0.40","",
"41","Oregon","41039002201","Lane County, OR - 41039002201","2021","0.48","",
"41","Oregon","41039002202","Lane County, OR - 41039002202","2021","0.52","",
"41","Oregon","41039002301","Lane County, OR - 41039002301","2021","0.49","",
"41","Oregon","41039002302","Lane County, OR - 41039002302","2021","0.59","",
"41","Oregon","41039002401","Lane County, OR - 41039002401","2021","0.55","",
"41","Oregon","41039002403","Lane County, OR - 41039002403","2021","0.43","",
"41","Oregon","41039002404","Lane County, OR - 41039002404","2021","0.50","",
"41","Oregon","41039002501","Lane County, OR - 41039002501","2021","0.62","",
"41","Oregon","41039002503","Lane County, OR - 41039002503","2021","0.49","",
"41","Oregon","41039002504","Lane County, OR - 41039002504","2021","0.52","",
"41","Oregon","41039002600","Lane County, OR - 41039002600","2021","0.43","",
"41","Oregon","41039002700","Lane County, OR - 41039002700","2021","0.50","",
"41","Oregon","41039002800","Lane County, OR - 41039002800","2021","0.49","",
"41","Oregon","41039002902","Lane County, OR - 41039002902","2021","0.49","",
"41","Oregon","41039002903","Lane County, OR - 41039002903","2021","0.52","",
"41","Oregon","41039002904","Lane County, OR - 41039002904","2021","0.46","",
"41","Oregon","41039003000","Lane County, OR - 41039003000","2021","0.55","",
"41","Oregon","41039003101","Lane County, OR - 41039003101","2021","0.48","",
"41","Oregon","41039003102","Lane County, OR - 41039003102","2021","0.52","",
"41","Oregon","41039003201","Lane County, OR - 41039003201","2021","0.51","",
"41","Oregon","41039003202","Lane County, OR - 41039003202","2021","0.50","",
"41","Oregon","41039003301","Lane County, OR - 41039003301","2021","0.48","",
"41","Oregon","41039003302","Lane County, OR - 41039003302","2021","0.40","",
"41","Oregon","41039003400","Lane County, OR - 41039003400","2021","0.36","",
"41","Oregon","41039003500","Lane County, OR - 41039003500","2021","0.62","",
"41","Oregon","41039003600","Lane County, OR - 41039003600","2021","0.64","",
"41","Oregon","41039003700","Lane County, OR - 41039003700","2021","0.43","",
"41","Oregon","41039003800","Lane County, OR - 41039003800","2021","0.31","",
"41","Oregon","41039003900","Lane County, OR - 41039003900","2021","0.30","",
"41","Oregon","41039004000","Lane County, OR - 41039004000","2021","0.49","",
"41","Oregon","41039004100","Lane County, OR - 41039004100","2021","0.55","",
"41","Oregon","41039004200","Lane County, OR - 41039004200","2021","0.28","",
"41","Oregon","41039004300","Lane County, OR - 41039004300","2021","0.39","",
"41","Oregon","41039004401","Lane County, OR - 41039004401","2021","0.47","",
"41","Oregon","41039004403","Lane County, OR - 41039004403","2021","0.42","",
"41","Oregon","41039004404","Lane County, OR - 41039004404","2021","0.57","",
"41","Oregon","41039004405","Lane County, OR - 41039004405","2021","0.65","",
"41","Oregon","41039004501","Lane County, OR - 41039004501","2021","0.45","",
"41","Oregon","41039004502","Lane County, OR - 41039004502","2021","0.47","",
"41","Oregon","41039004600","Lane County, OR - 41039004600","2021","0.52","",
"41","Oregon","41039004700","Lane County, OR - 41039004700","2021","0.48","",
"41","Oregon","41039004800","Lane County, OR - 41039004800","2021","0.52","",
"41","Oregon","41039004900","Lane County, OR - 41039004900","2021","0.63","",
"41","Oregon","41039005000","Lane County, OR - 41039005000","2021","0.64","",
"41","Oregon","41039005100","Lane County, OR - 41039005100","2021","0.52","",
"41","Oregon","41039005200","Lane County, OR - 41039005200","2021","0.61","",
"41","Oregon","41039005300","Lane County, OR - 41039005300","2021","0.58","",
"41","Oregon","41039005400","Lane County, OR - 41039005400","2021","0.67","",
"41","Oregon","41039990000","Lane County, OR - 41039990000","2021","0.05","",
"41","Oregon","41041950100","Lincoln County, OR - 41041950100","2021","0.75","",
"41","Oregon","41041950303","Lincoln County, OR - 41041950303","2021","0.69","",
"41","Oregon","41041950304","Lincoln County, OR - 41041950304","2021","0.46","",
"41","Oregon","41041950400","Lincoln County, OR - 41041950400","2021","0.58","",
"41","Oregon","41041950601","Lincoln County, OR - 41041950601","2021","0.74","",
"41","Oregon","41041950602","Lincoln County, OR - 41041950602","2021","0.72","",
"41","Oregon","41041950800","Lincoln County, OR - 41041950800","2021","0.76","",
"41","Oregon","41041950900","Lincoln County, OR - 41041950900","2021","0.70","",
"41","Oregon","41041951000","Lincoln County, OR - 41041951000","2021","0.36","",
"41","Oregon","41041951100","Lincoln County, OR - 41041951100","2021","0.39","",
"41","Oregon","41041951200","Lincoln County, OR - 41041951200","2021","0.68","",
"41","Oregon","41041951300","Lincoln County, OR - 41041951300","2021","0.75","",
"41","Oregon","41041951400","Lincoln County, OR - 41041951400","2021","0.78","",
"41","Oregon","41041951500","Lincoln County, OR - 41041951500","2021","0.75","",
"41","Oregon","41041951600","Lincoln County, OR - 41041951600","2021","0.71","",
"41","Oregon","41041951700","Lincoln County, OR - 41041951700","2021","0.78","",
"41","Oregon","41041951800","Lincoln County, OR - 41041951800","2021","0.79","",
"41","Oregon","41041990100","Lincoln County, OR - 41041990100","2021","0.05","",
"41","Oregon","41043020100","Linn County, OR - 41043020100","2021","0.71","",
"41","Oregon","41043020200","Linn County, OR - 41043020200","2021","0.73","",
"41","Oregon","41043020300","Linn County, OR - 41043020300","2021","0.57","",
"41","Oregon","41043020400","Linn County, OR - 41043020400","2021","0.42","",
"41","Oregon","41043020500","Linn County, OR - 41043020500","2021","0.39","",
"41","Oregon","41043020600","Linn County, OR - 41043020600","2021","0.56","",
"41","Oregon","41043020700","Linn County, OR - 41043020700","2021","0.62","",
"41","Oregon","41043020801","Linn County, OR - 41043020801","2021","0.36","",
"41","Oregon","41043020802","Linn County, OR - 41043020802","2021","0.40","",
"41","Oregon","41043030100","Linn County, OR - 41043030100","2021","0.72","",
"41","Oregon","41043030200","Linn County, OR - 41043030200","2021","0.72","",
"41","Oregon","41043030300","Linn County, OR - 41043030300","2021","0.72","",
"41","Oregon","41043030401","Linn County, OR - 41043030401","2021","0.71","",
"41","Oregon","41043030402","Linn County, OR - 41043030402","2021","0.73","",
"41","Oregon","41043030500","Linn County, OR - 41043030500","2021","0.75","",
"41","Oregon","41043030600","Linn County, OR - 41043030600","2021","0.76","",
"41","Oregon","41043030700","Linn County, OR - 41043030700","2021","0.73","",
"41","Oregon","41043030800","Linn County, OR - 41043030800","2021","0.73","",
"41","Oregon","41043030902","Linn County, OR - 41043030902","2021","0.72","",
"41","Oregon","41043030903","Linn County, OR - 41043030903","2021","0.53","",
"41","Oregon","41043030904","Linn County, OR - 41043030904","2021","0.56","",
"41","Oregon","41045940000","Malheur County, OR - 41045940000","2021","0.29","",
"41","Oregon","41045970200","Malheur County, OR - 41045970200","2021","0.58","",
"41","Oregon","41045970300","Malheur County, OR - 41045970300","2021","0.58","",
"41","Oregon","41045970400","Malheur County, OR - 41045970400","2021","0.39","",
"41","Oregon","41045970500","Malheur County, OR - 41045970500","2021","0.60","",
"41","Oregon","41045970600","Malheur County, OR - 41045970600","2021","0.57","",
"41","Oregon","41045970700","Malheur County, OR - 41045970700","2021","0.54","",
"41","Oregon","41045970900","Malheur County, OR - 41045970900","2021","0.26","",
"41","Oregon","41047000200","Marion County, OR - 41047000200","2021","0.37","",
"41","Oregon","41047000300","Marion County, OR - 41047000300","2021","0.42","",
"41","Oregon","41047000400","Marion County, OR - 41047000400","2021","0.36","",
"41","Oregon","41047000501","Marion County, OR - 41047000501","2021","0.45","",
"41","Oregon","41047000502","Marion County, OR - 41047000502","2021","0.41","",
"41","Oregon","41047000600","Marion County, OR - 41047000600","2021","0.51","",
"41","Oregon","41047000701","Marion County, OR - 41047000701","2021","0.47","",
"41","Oregon","41047000900","Marion County, OR - 41047000900","2021","0.46","",
"41","Oregon","41047001000","Marion County, OR - 41047001000","2021","0.42","",
"41","Oregon","41047001100","Marion County, OR - 41047001100","2021","0.50","",
"41","Oregon","41047001200","Marion County, OR - 41047001200","2021","0.50","",
"41","Oregon","41047001300","Marion County, OR - 41047001300","2021","0.65","",
"41","Oregon","41047001401","Marion County, OR - 41047001401","2021","0.57","",
"41","Oregon","41047001402","Marion County, OR - 41047001402","2021","0.47","",
"41","Oregon","41047001501","Marion County, OR - 41047001501","2021","0.47","",
"41","Oregon","41047001502","Marion County, OR - 41047001502","2021","0.47","",
"41","Oregon","41047001503","Marion County, OR - 41047001503","2021","0.49","",
"41","Oregon","41047001601","Marion County, OR - 41047001601","2021","0.45","",
"41","Oregon","41047001602","Marion County, OR - 41047001602","2021","0.45","",
"41","Oregon","41047001603","Marion County, OR - 41047001603","2021","0.67","",
"41","Oregon","41047001604","Marion County, OR - 41047001604","2021","0.40","",
"41","Oregon","41047001701","Marion County, OR - 41047001701","2021","0.36","",
"41","Oregon","41047001702","Marion County, OR - 41047001702","2021","0.46","",
"41","Oregon","41047001703","Marion County, OR - 41047001703","2021","0.62","",
"41","Oregon","41047001801","Marion County, OR - 41047001801","2021","0.45","",
"41","Oregon","41047001802","Marion County, OR - 41047001802","2021","0.57","",
"41","Oregon","41047001803","Marion County, OR - 41047001803","2021","0.55","",
"41","Oregon","41047002000","Marion County, OR - 41047002000","2021","0.50","",
"41","Oregon","41047002101","Marion County, OR - 41047002101","2021","0.49","",
"41","Oregon","41047002102","Marion County, OR - 41047002102","2021","0.49","",
"41","Oregon","41047002201","Marion County, OR - 41047002201","2021","0.56","",
"41","Oregon","41047002202","Marion County, OR - 41047002202","2021","0.56","",
"41","Oregon","41047002301","Marion County, OR - 41047002301","2021","0.57","",
"41","Oregon","41047002303","Marion County, OR - 41047002303","2021","0.48","",
"41","Oregon","41047002304","Marion County, OR - 41047002304","2021","0.59","",
"41","Oregon","41047002400","Marion County, OR - 41047002400","2021","0.71","",
"41","Oregon","41047002501","Marion County, OR - 41047002501","2021","0.54","",
"41","Oregon","41047002502","Marion County, OR - 41047002502","2021","0.64","",
"41","Oregon","41047002600","Marion County, OR - 41047002600","2021","0.70","",
"41","Oregon","41047002700","Marion County, OR - 41047002700","2021","0.66","",
"41","Oregon","41047002800","Marion County, OR - 41047002800","2021","0.67","",
"41","Oregon","41047010100","Marion County, OR - 41047010100","2021","0.68","",
"41","Oregon","41047010201","Marion County, OR - 41047010201","2021","0.64","",
"41","Oregon","41047010202","Marion County, OR - 41047010202","2021","0.63","",
"41","Oregon","41047010303","Marion County, OR - 41047010303","2021","0.65","",
"41","Oregon","41047010304","Marion County, OR - 41047010304","2021","0.51","",
"41","Oregon","41047010305","Marion County, OR - 41047010305","2021","0.61","",
"41","Oregon","41047010306","Marion County, OR - 41047010306","2021","0.50","",
"41","Oregon","41047010307","Marion County, OR - 41047010307","2021","0.57","",
"41","Oregon","41047010400","Marion County, OR - 41047010400","2021","0.65","",
"41","Oregon","41047010501","Marion County, OR - 41047010501","2021","0.71","",
"41","Oregon","41047010502","Marion County, OR - 41047010502","2021","0.55","",
"41","Oregon","41047010503","Marion County, OR - 41047010503","2021","0.70","",
"41","Oregon","41047010600","Marion County, OR - 41047010600","2021","0.50","",
"41","Oregon","41047010701","Marion County, OR - 41047010701","2021","0.60","",
"41","Oregon","41047010702","Marion County, OR - 41047010702","2021","0.71","",
"41","Oregon","41047010801","Marion County, OR - 41047010801","2021","0.69","",
"41","Oregon","41047010802","Marion County, OR - 41047010802","2021","0.72","",
"41","Oregon","41049970100","Morrow County, OR - 41049970100","2021","0.49","",
"41","Oregon","41049970200","Morrow County, OR - 41049970200","2021","0.42","",
"41","Oregon","41051000100","Multnomah County, OR - 41051000100","2021","0.41","",
"41","Oregon","41051000200","Multnomah County, OR - 41051000200","2021","0.44","",
"41","Oregon","41051000301","Multnomah County, OR - 41051000301","2021","0.51","",
"41","Oregon","41051000302","Multnomah County, OR - 41051000302","2021","0.59","",
"41","Oregon","41051000401","Multnomah County, OR - 41051000401","2021","0.48","",
"41","Oregon","41051000402","Multnomah County, OR - 41051000402","2021","0.46","",
"41","Oregon","41051000501","Multnomah County, OR - 41051000501","2021","0.43","",
"41","Oregon","41051000502","Multnomah County, OR - 41051000502","2021","0.41","",
"41","Oregon","41051000601","Multnomah County, OR - 41051000601","2021","0.46","",
"41","Oregon","41051000602","Multnomah County, OR - 41051000602","2021","0.39","",
"41","Oregon","41051000701","Multnomah County, OR - 41051000701","2021","0.45","",
"41","Oregon","41051000702","Multnomah County, OR - 41051000702","2021","0.43","",
"41","Oregon","41051000801","Multnomah County, OR - 41051000801","2021","0.47","",
"41","Oregon","41051000802","Multnomah County, OR - 41051000802","2021","0.43","",
"41","Oregon","41051000901","Multnomah County, OR - 41051000901","2021","0.49","",
"41","Oregon","41051000902","Multnomah County, OR - 41051000902","2021","0.44","",
"41","Oregon","41051001000","Multnomah County, OR - 41051001000","2021","0.34","",
"41","Oregon","41051001101","Multnomah County, OR - 41051001101","2021","0.19","",
"41","Oregon","41051001102","Multnomah County, OR - 41051001102","2021","0.28","",
"41","Oregon","41051001201","Multnomah County, OR - 41051001201","2021","0.49","",
"41","Oregon","41051001202","Multnomah County, OR - 41051001202","2021","0.50","",
"41","Oregon","41051001301","Multnomah County, OR - 41051001301","2021","0.45","",
"41","Oregon","41051001302","Multnomah County, OR - 41051001302","2021","0.48","",
"41","Oregon","41051001400","Multnomah County, OR - 41051001400","2021","0.44","",
"41","Oregon","41051001500","Multnomah County, OR - 41051001500","2021","0.51","",
"41","Oregon","41051001601","Multnomah County, OR - 41051001601","2021","0.53","",
"41","Oregon","41051001602","Multnomah County, OR - 41051001602","2021","0.45","",
"41","Oregon","41051001701","Multnomah County, OR - 41051001701","2021","0.40","",
"41","Oregon","41051001702","Multnomah County, OR - 41051001702","2021","0.45","",
"41","Oregon","41051001801","Multnomah County, OR - 41051001801","2021","0.41","",
"41","Oregon","41051001802","Multnomah County, OR - 41051001802","2021","0.49","",
"41","Oregon","41051001900","Multnomah County, OR - 41051001900","2021","0.54","",
"41","Oregon","41051002000","Multnomah County, OR - 41051002000","2021","0.39","",
"41","Oregon","41051002100","Multnomah County, OR - 41051002100","2021","0.26","",
"41","Oregon","41051002203","Multnomah County, OR - 41051002203","2021","0.39","",
"41","Oregon","41051002303","Multnomah County, OR - 41051002303","2021","0.25","",
"41","Oregon","41051002401","Multnomah County, OR - 41051002401","2021","0.59","",
"41","Oregon","41051002402","Multnomah County, OR - 41051002402","2021","0.37","",
"41","Oregon","41051002501","Multnomah County, OR - 41051002501","2021","0.54","",
"41","Oregon","41051002502","Multnomah County, OR - 41051002502","2021","0.46","",
"41","Oregon","41051002600","Multnomah County, OR - 41051002600","2021","0.50","",
"41","Oregon","41051002701","Multnomah County, OR - 41051002701","2021","0.50","",
"41","Oregon","41051002702","Multnomah County, OR - 41051002702","2021","0.38","",
"41","Oregon","41051002801","Multnomah County, OR - 41051002801","2021","0.45","",
"41","Oregon","41051002802","Multnomah County, OR - 41051002802","2021","0.45","",
"41","Oregon","41051002901","Multnomah County, OR - 41051002901","2021","0.47","",
"41","Oregon","41051002902","Multnomah County, OR - 41051002902","2021","0.51","",
"41","Oregon","41051002903","Multnomah County, OR - 41051002903","2021","0.55","",
"41","Oregon","41051003000","Multnomah County, OR - 41051003000","2021","0.48","",
"41","Oregon","41051003100","Multnomah County, OR - 41051003100","2021","0.47","",
"41","Oregon","41051003200","Multnomah County, OR - 41051003200","2021","0.47","",
"41","Oregon","41051003301","Multnomah County, OR - 41051003301","2021","0.41","",
"41","Oregon","41051003302","Multnomah County, OR - 41051003302","2021","0.47","",
"41","Oregon","41051003401","Multnomah County, OR - 41051003401","2021","0.42","",
"41","Oregon","41051003402","Multnomah County, OR - 41051003402","2021","0.42","",
"41","Oregon","41051003501","Multnomah County, OR - 41051003501","2021","0.45","",
"41","Oregon","41051003502","Multnomah County, OR - 41051003502","2021","0.47","",
"41","Oregon","41051003601","Multnomah County, OR - 41051003601","2021","0.40","",
"41","Oregon","41051003602","Multnomah County, OR - 41051003602","2021","0.46","",
"41","Oregon","41051003603","Multnomah County, OR - 41051003603","2021","0.49","",
"41","Oregon","41051003701","Multnomah County, OR - 41051003701","2021","0.41","",
"41","Oregon","41051003702","Multnomah County, OR - 41051003702","2021","0.48","",
"41","Oregon","41051003801","Multnomah County, OR - 41051003801","2021","0.43","",
"41","Oregon","41051003802","Multnomah County, OR - 41051003802","2021","0.40","",
"41","Oregon","41051003803","Multnomah County, OR - 41051003803","2021","0.44","",
"41","Oregon","41051003901","Multnomah County, OR - 41051003901","2021","0.51","",
"41","Oregon","41051003902","Multnomah County, OR - 41051003902","2021","0.48","",
"41","Oregon","41051004001","Multnomah County, OR - 41051004001","2021","0.49","",
"41","Oregon","41051004002","Multnomah County, OR - 41051004002","2021","0.41","",
"41","Oregon","41051004101","Multnomah County, OR - 41051004101","2021","0.37","",
"41","Oregon","41051004102","Multnomah County, OR - 41051004102","2021","0.44","",
"41","Oregon","41051004200","Multnomah County, OR - 41051004200","2021","0.33","",
"41","Oregon","41051004300","Multnomah County, OR - 41051004300","2021","0.57","",
"41","Oregon","41051004500","Multnomah County, OR - 41051004500","2021","0.28","",
"41","Oregon","41051004601","Multnomah County, OR - 41051004601","2021","0.67","",
"41","Oregon","41051004602","Multnomah County, OR - 41051004602","2021","0.63","",
"41","Oregon","41051004700","Multnomah County, OR - 41051004700","2021","0.42","",
"41","Oregon","41051004800","Multnomah County, OR - 41051004800","2021","0.33","",
"41","Oregon","41051004900","Multnomah County, OR - 41051004900","2021","0.30","",
"41","Oregon","41051005000","Multnomah County, OR - 41051005000","2021","0.20","",
"41","Oregon","41051005100","Multnomah County, OR - 41051005100","2021","0.21","",
"41","Oregon","41051005200","Multnomah County, OR - 41051005200","2021","0.29","",
"41","Oregon","41051005500","Multnomah County, OR - 41051005500","2021","0.47","",
"41","Oregon","41051005600","Multnomah County, OR - 41051005600","2021","0.30","",
"41","Oregon","41051005700","Multnomah County, OR - 41051005700","2021","0.31","",
"41","Oregon","41051005800","Multnomah County, OR - 41051005800","2021","0.64","",
"41","Oregon","41051005900","Multnomah County, OR - 41051005900","2021","0.40","",
"41","Oregon","41051006001","Multnomah County, OR - 41051006001","2021","0.73","",
"41","Oregon","41051006002","Multnomah County, OR - 41051006002","2021","0.59","",
"41","Oregon","41051006100","Multnomah County, OR - 41051006100","2021","0.61","",
"41","Oregon","41051006200","Multnomah County, OR - 41051006200","2021","0.57","",
"41","Oregon","41051006300","Multnomah County, OR - 41051006300","2021","0.68","",
"41","Oregon","41051006402","Multnomah County, OR - 41051006402","2021","0.68","",
"41","Oregon","41051006403","Multnomah County, OR - 41051006403","2021","0.55","",
"41","Oregon","41051006404","Multnomah County, OR - 41051006404","2021","0.59","",
"41","Oregon","41051006501","Multnomah County, OR - 41051006501","2021","0.62","",
"41","Oregon","41051006502","Multnomah County, OR - 41051006502","2021","0.53","",
"41","Oregon","41051006601","Multnomah County, OR - 41051006601","2021","0.62","",
"41","Oregon","41051006602","Multnomah County, OR - 41051006602","2021","0.55","",
"41","Oregon","41051006701","Multnomah County, OR - 41051006701","2021","0.59","",
"41","Oregon","41051006702","Multnomah County, OR - 41051006702","2021","0.58","",
"41","Oregon","41051006801","Multnomah County, OR - 41051006801","2021","0.62","",
"41","Oregon","41051006802","Multnomah County, OR - 41051006802","2021","0.63","",
"41","Oregon","41051006900","Multnomah County, OR - 41051006900","2021","0.69","",
"41","Oregon","41051007000","Multnomah County, OR - 41051007000","2021","0.76","",
"41","Oregon","41051007100","Multnomah County, OR - 41051007100","2021","0.73","",
"41","Oregon","41051007201","Multnomah County, OR - 41051007201","2021","0.31","",
"41","Oregon","41051007202","Multnomah County, OR - 41051007202","2021","0.45","",
"41","Oregon","41051007300","Multnomah County, OR - 41051007300","2021","0.36","",
"41","Oregon","41051007400","Multnomah County, OR - 41051007400","2021","0.45","",
"41","Oregon","41051007500","Multnomah County, OR - 41051007500","2021","0.51","",
"41","Oregon","41051007600","Multnomah County, OR - 41051007600","2021","0.45","",
"41","Oregon","41051007700","Multnomah County, OR - 41051007700","2021","0.43","",
"41","Oregon","41051007800","Multnomah County, OR - 41051007800","2021","0.46","",
"41","Oregon","41051007900","Multnomah County, OR - 41051007900","2021","0.48","",
"41","Oregon","41051008001","Multnomah County, OR - 41051008001","2021","0.47","",
"41","Oregon","41051008002","Multnomah County, OR - 41051008002","2021","0.49","",
"41","Oregon","41051008100","Multnomah County, OR - 41051008100","2021","0.40","",
"41","Oregon","41051008201","Multnomah County, OR - 41051008201","2021","0.39","",
"41","Oregon","41051008202","Multnomah County, OR - 41051008202","2021","0.45","",
"41","Oregon","41051008301","Multnomah County, OR - 41051008301","2021","0.39","",
"41","Oregon","41051008302","Multnomah County, OR - 41051008302","2021","0.51","",
"41","Oregon","41051008400","Multnomah County, OR - 41051008400","2021","0.47","",
"41","Oregon","41051008500","Multnomah County, OR - 41051008500","2021","0.49","",
"41","Oregon","41051008600","Multnomah County, OR - 41051008600","2021","0.44","",
"41","Oregon","41051008700","Multnomah County, OR - 41051008700","2021","0.48","",
"41","Oregon","41051008800","Multnomah County, OR - 41051008800","2021","0.49","",
"41","Oregon","41051008901","Multnomah County, OR - 41051008901","2021","0.67","",
"41","Oregon","41051008902","Multnomah County, OR - 41051008902","2021","0.55","",
"41","Oregon","41051009000","Multnomah County, OR - 41051009000","2021","0.49","",
"41","Oregon","41051009101","Multnomah County, OR - 41051009101","2021","0.46","",
"41","Oregon","41051009102","Multnomah County, OR - 41051009102","2021","0.63","",
"41","Oregon","41051009201","Multnomah County, OR - 41051009201","2021","0.46","",
"41","Oregon","41051009202","Multnomah County, OR - 41051009202","2021","0.47","",
"41","Oregon","41051009301","Multnomah County, OR - 41051009301","2021","0.51","",
"41","Oregon","41051009302","Multnomah County, OR - 41051009302","2021","0.56","",
"41","Oregon","41051009400","Multnomah County, OR - 41051009400","2021","0.47","",
"41","Oregon","41051009501","Multnomah County, OR - 41051009501","2021","0.49","",
"41","Oregon","41051009502","Multnomah County, OR - 41051009502","2021","0.44","",
"41","Oregon","41051009603","Multnomah County, OR - 41051009603","2021","0.44","",
"41","Oregon","41051009604","Multnomah County, OR - 41051009604","2021","0.38","",
"41","Oregon","41051009605","Multnomah County, OR - 41051009605","2021","0.42","",
"41","Oregon","41051009606","Multnomah County, OR - 41051009606","2021","0.46","",
"41","Oregon","41051009701","Multnomah County, OR - 41051009701","2021","0.47","",
"41","Oregon","41051009702","Multnomah County, OR - 41051009702","2021","0.47","",
"41","Oregon","41051009801","Multnomah County, OR - 41051009801","2021","0.39","",
"41","Oregon","41051009803","Multnomah County, OR - 41051009803","2021","0.52","",
"41","Oregon","41051009804","Multnomah County, OR - 41051009804","2021","0.49","",
"41","Oregon","41051009903","Multnomah County, OR - 41051009903","2021","0.61","",
"41","Oregon","41051009904","Multnomah County, OR - 41051009904","2021","0.50","",
"41","Oregon","41051009905","Multnomah County, OR - 41051009905","2021","0.58","",
"41","Oregon","41051009906","Multnomah County, OR - 41051009906","2021","0.71","",
"41","Oregon","41051009907","Multnomah County, OR - 41051009907","2021","0.70","",
"41","Oregon","41051010001","Multnomah County, OR - 41051010001","2021","0.38","",
"41","Oregon","41051010002","Multnomah County, OR - 41051010002","2021","0.51","",
"41","Oregon","41051010100","Multnomah County, OR - 41051010100","2021","0.51","",
"41","Oregon","41051010200","Multnomah County, OR - 41051010200","2021","0.43","",
"41","Oregon","41051010303","Multnomah County, OR - 41051010303","2021","0.51","",
"41","Oregon","41051010304","Multnomah County, OR - 41051010304","2021","0.44","",
"41","Oregon","41051010305","Multnomah County, OR - 41051010305","2021","0.57","",
"41","Oregon","41051010306","Multnomah County, OR - 41051010306","2021","0.50","",
"41","Oregon","41051010402","Multnomah County, OR - 41051010402","2021","0.66","",
"41","Oregon","41051010405","Multnomah County, OR - 41051010405","2021","0.45","",
"41","Oregon","41051010407","Multnomah County, OR - 41051010407","2021","0.61","",
"41","Oregon","41051010408","Multnomah County, OR - 41051010408","2021","0.47","",
"41","Oregon","41051010409","Multnomah County, OR - 41051010409","2021","0.59","",
"41","Oregon","41051010410","Multnomah County, OR - 41051010410","2021","0.55","",
"41","Oregon","41051010411","Multnomah County, OR - 41051010411","2021","0.42","",
"41","Oregon","41051010500","Multnomah County, OR - 41051010500","2021","0.71","",
"41","Oregon","41051010600","Multnomah County, OR - 41051010600","2021","0.23","",
"41","Oregon","41051980000","Multnomah County, OR - 41051980000","2021","0.20","",
"41","Oregon","41053005100","Polk County, OR - 41053005100","2021","0.37","",
"41","Oregon","41053005201","Polk County, OR - 41053005201","2021","0.56","",
"41","Oregon","41053005202","Polk County, OR - 41053005202","2021","0.51","",
"41","Oregon","41053005300","Polk County, OR - 41053005300","2021","0.71","",
"41","Oregon","41053020202","Polk County, OR - 41053020202","2021","0.71","",
"41","Oregon","41053020203","Polk County, OR - 41053020203","2021","0.49","",
"41","Oregon","41053020204","Polk County, OR - 41053020204","2021","0.73","",
"41","Oregon","41053020302","Polk County, OR - 41053020302","2021","0.73","",
"41","Oregon","41053020303","Polk County, OR - 41053020303","2021","0.71","",
"41","Oregon","41053020304","Polk County, OR - 41053020304","2021","0.55","",
"41","Oregon","41053020400","Polk County, OR - 41053020400","2021","0.76","",
"41","Oregon","41053020500","Polk County, OR - 41053020500","2021","0.73","",
"41","Oregon","41055950100","Sherman County, OR - 41055950100","2021","0.38","",
"41","Oregon","41057960100","Tillamook County, OR - 41057960100","2021","0.74","",
"41","Oregon","41057960200","Tillamook County, OR - 41057960200","2021","0.64","",
"41","Oregon","41057960300","Tillamook County, OR - 41057960300","2021","0.76","",
"41","Oregon","41057960400","Tillamook County, OR - 41057960400","2021","0.76","",
"41","Oregon","41057960500","Tillamook County, OR - 41057960500","2021","0.45","",
"41","Oregon","41057960600","Tillamook County, OR - 41057960600","2021","0.63","",
"41","Oregon","41057960700","Tillamook County, OR - 41057960700","2021","0.75","",
"41","Oregon","41057960800","Tillamook County, OR - 41057960800","2021","0.74","",
"41","Oregon","41057990100","Tillamook County, OR - 41057990100","2021","0.05","",
"41","Oregon","41059940000","Umatilla County, OR - 41059940000","2021","0.53","",
"41","Oregon","41059950100","Umatilla County, OR - 41059950100","2021","0.62","",
"41","Oregon","41059950200","Umatilla County, OR - 41059950200","2021","0.53","",
"41","Oregon","41059950300","Umatilla County, OR - 41059950300","2021","0.54","",
"41","Oregon","41059950400","Umatilla County, OR - 41059950400","2021","0.45","",
"41","Oregon","41059950500","Umatilla County, OR - 41059950500","2021","0.42","",
"41","Oregon","41059950600","Umatilla County, OR - 41059950600","2021","0.40","",
"41","Oregon","41059950700","Umatilla County, OR - 41059950700","2021","0.41","",
"41","Oregon","41059950800","Umatilla County, OR - 41059950800","2021","0.49","",
"41","Oregon","41059950900","Umatilla County, OR - 41059950900","2021","0.51","",
"41","Oregon","41059951000","Umatilla County, OR - 41059951000","2021","0.49","",
"41","Oregon","41059951100","Umatilla County, OR - 41059951100","2021","0.59","",
"41","Oregon","41059951200","Umatilla County, OR - 41059951200","2021","0.44","",
"41","Oregon","41059951300","Umatilla County, OR - 41059951300","2021","0.60","",
"41","Oregon","41059951400","Umatilla County, OR - 41059951400","2021","0.53","",
"41","Oregon","41061970100","Union County, OR - 41061970100","2021","0.62","",
"41","Oregon","41061970200","Union County, OR - 41061970200","2021","0.54","",
"41","Oregon","41061970300","Union County, OR - 41061970300","2021","0.66","",
"41","Oregon","41061970400","Union County, OR - 41061970400","2021","0.65","",
"41","Oregon","41061970500","Union County, OR - 41061970500","2021","0.61","",
"41","Oregon","41061970600","Union County, OR - 41061970600","2021","0.58","",
"41","Oregon","41061970700","Union County, OR - 41061970700","2021","0.45","",
"41","Oregon","41061970800","Union County, OR - 41061970800","2021","0.60","",
"41","Oregon","41063960100","Wallowa County, OR - 41063960100","2021","0.51","",
"41","Oregon","41063960200","Wallowa County, OR - 41063960200","2021","0.58","",
"41","Oregon","41063960300","Wallowa County, OR - 41063960300","2021","0.47","",
"41","Oregon","41065970100","Wasco County, OR - 41065970100","2021","0.44","",
"41","Oregon","41065970200","Wasco County, OR - 41065970200","2021","0.34","",
"41","Oregon","41065970300","Wasco County, OR - 41065970300","2021","0.54","",
"41","Oregon","41065970400","Wasco County, OR - 41065970400","2021","0.46","",
"41","Oregon","41065970500","Wasco County, OR - 41065970500","2021","0.44","",
"41","Oregon","41065970600","Wasco County, OR - 41065970600","2021","0.61","",
"41","Oregon","41065970700","Wasco County, OR - 41065970700","2021","0.55","",
"41","Oregon","41065970800","Wasco County, OR - 41065970800","2021","0.43","",
"41","Oregon","41067030101","Washington County, OR - 41067030101","2021","0.59","",
"41","Oregon","41067030102","Washington County, OR - 41067030102","2021","0.58","",
"41","Oregon","41067030200","Washington County, OR - 41067030200","2021","0.55","",
"41","Oregon","41067030300","Washington County, OR - 41067030300","2021","0.59","",
"41","Oregon","41067030401","Washington County, OR - 41067030401","2021","0.43","",
"41","Oregon","41067030402","Washington County, OR - 41067030402","2021","0.60","",
"41","Oregon","41067030501","Washington County, OR - 41067030501","2021","0.58","",
"41","Oregon","41067030502","Washington County, OR - 41067030502","2021","0.58","",
"41","Oregon","41067030600","Washington County, OR - 41067030600","2021","0.54","",
"41","Oregon","41067030700","Washington County, OR - 41067030700","2021","0.38","",
"41","Oregon","41067030801","Washington County, OR - 41067030801","2021","0.52","",
"41","Oregon","41067030803","Washington County, OR - 41067030803","2021","0.50","",
"41","Oregon","41067030805","Washington County, OR - 41067030805","2021","0.57","",
"41","Oregon","41067030806","Washington County, OR - 41067030806","2021","0.44","",
"41","Oregon","41067030900","Washington County, OR - 41067030900","2021","0.43","",
"41","Oregon","41067031003","Washington County, OR - 41067031003","2021","0.52","",
"41","Oregon","41067031004","Washington County, OR - 41067031004","2021","0.54","",
"41","Oregon","41067031005","Washington County, OR - 41067031005","2021","0.45","",
"41","Oregon","41067031006","Washington County, OR - 41067031006","2021","0.51","",
"41","Oregon","41067031100","Washington County, OR - 41067031100","2021","0.45","",
"41","Oregon","41067031200","Washington County, OR - 41067031200","2021","0.44","",
"41","Oregon","41067031300","Washington County, OR - 41067031300","2021","0.43","",
"41","Oregon","41067031402","Washington County, OR - 41067031402","2021","0.44","",
"41","Oregon","41067031403","Washington County, OR - 41067031403","2021","0.54","",
"41","Oregon","41067031404","Washington County, OR - 41067031404","2021","0.50","",
"41","Oregon","41067031504","Washington County, OR - 41067031504","2021","0.56","",
"41","Oregon","41067031506","Washington County, OR - 41067031506","2021","0.54","",
"41","Oregon","41067031507","Washington County, OR - 41067031507","2021","0.52","",
"41","Oregon","41067031508","Washington County, OR - 41067031508","2021","0.57","",
"41","Oregon","41067031509","Washington County, OR - 41067031509","2021","0.70","",
"41","Oregon","41067031511","Washington County, OR - 41067031511","2021","0.53","",
"41","Oregon","41067031512","Washington County, OR - 41067031512","2021","0.52","",
"41","Oregon","41067031513","Washington County, OR - 41067031513","2021","0.54","",
"41","Oregon","41067031514","Washington County, OR - 41067031514","2021","0.56","",
"41","Oregon","41067031606","Washington County, OR - 41067031606","2021","0.54","",
"41","Oregon","41067031609","Washington County, OR - 41067031609","2021","0.50","",
"41","Oregon","41067031610","Washington County, OR - 41067031610","2021","0.47","",
"41","Oregon","41067031611","Washington County, OR - 41067031611","2021","0.50","",
"41","Oregon","41067031612","Washington County, OR - 41067031612","2021","0.47","",
"41","Oregon","41067031613","Washington County, OR - 41067031613","2021","0.55","",
"41","Oregon","41067031614","Washington County, OR - 41067031614","2021","0.48","",
"41","Oregon","41067031615","Washington County, OR - 41067031615","2021","0.49","",
"41","Oregon","41067031616","Washington County, OR - 41067031616","2021","0.40","",
"41","Oregon","41067031617","Washington County, OR - 41067031617","2021","0.46","",
"41","Oregon","41067031703","Washington County, OR - 41067031703","2021","0.47","",
"41","Oregon","41067031704","Washington County, OR - 41067031704","2021","0.53","",
"41","Oregon","41067031705","Washington County, OR - 41067031705","2021","0.50","",
"41","Oregon","41067031706","Washington County, OR - 41067031706","2021","0.52","",
"41","Oregon","41067031804","Washington County, OR - 41067031804","2021","0.66","",
"41","Oregon","41067031805","Washington County, OR - 41067031805","2021","0.54","",
"41","Oregon","41067031806","Washington County, OR - 41067031806","2021","0.54","",
"41","Oregon","41067031807","Washington County, OR - 41067031807","2021","0.56","",
"41","Oregon","41067031812","Washington County, OR - 41067031812","2021","0.49","",
"41","Oregon","41067031813","Washington County, OR - 41067031813","2021","0.59","",
"41","Oregon","41067031814","Washington County, OR - 41067031814","2021","0.55","",
"41","Oregon","41067031815","Washington County, OR - 41067031815","2021","0.56","",
"41","Oregon","41067031904","Washington County, OR - 41067031904","2021","0.55","",
"41","Oregon","41067031907","Washington County, OR - 41067031907","2021","0.57","",
"41","Oregon","41067031908","Washington County, OR - 41067031908","2021","0.63","",
"41","Oregon","41067031909","Washington County, OR - 41067031909","2021","0.54","",
"41","Oregon","41067031910","Washington County, OR - 41067031910","2021","0.56","",
"41","Oregon","41067031911","Washington County, OR - 41067031911","2021","0.50","",
"41","Oregon","41067031912","Washington County, OR - 41067031912","2021","0.55","",
"41","Oregon","41067032001","Washington County, OR - 41067032001","2021","0.56","",
"41","Oregon","41067032003","Washington County, OR - 41067032003","2021","0.43","",
"41","Oregon","41067032004","Washington County, OR - 41067032004","2021","0.54","",
"41","Oregon","41067032005","Washington County, OR - 41067032005","2021","0.40","",
"41","Oregon","41067032103","Washington County, OR - 41067032103","2021","0.63","",
"41","Oregon","41067032104","Washington County, OR - 41067032104","2021","0.54","",
"41","Oregon","41067032107","Washington County, OR - 41067032107","2021","0.49","",
"41","Oregon","41067032108","Washington County, OR - 41067032108","2021","0.59","",
"41","Oregon","41067032109","Washington County, OR - 41067032109","2021","0.53","",
"41","Oregon","41067032110","Washington County, OR - 41067032110","2021","0.56","",
"41","Oregon","41067032200","Washington County, OR - 41067032200","2021","0.71","",
"41","Oregon","41067032300","Washington County, OR - 41067032300","2021","0.65","",
"41","Oregon","41067032404","Washington County, OR - 41067032404","2021","0.56","",
"41","Oregon","41067032406","Washington County, OR - 41067032406","2021","0.51","",
"41","Oregon","41067032407","Washington County, OR - 41067032407","2021","0.60","",
"41","Oregon","41067032408","Washington County, OR - 41067032408","2021","0.55","",
"41","Oregon","41067032409","Washington County, OR - 41067032409","2021","0.49","",
"41","Oregon","41067032410","Washington County, OR - 41067032410","2021","0.46","",
"41","Oregon","41067032501","Washington County, OR - 41067032501","2021","0.53","",
"41","Oregon","41067032502","Washington County, OR - 41067032502","2021","0.60","",
"41","Oregon","41067032503","Washington County, OR - 41067032503","2021","0.61","",
"41","Oregon","41067032603","Washington County, OR - 41067032603","2021","0.68","",
"41","Oregon","41067032604","Washington County, OR - 41067032604","2021","0.54","",
"41","Oregon","41067032606","Washington County, OR - 41067032606","2021","0.49","",
"41","Oregon","41067032607","Washington County, OR - 41067032607","2021","0.40","",
"41","Oregon","41067032608","Washington County, OR - 41067032608","2021","0.51","",
"41","Oregon","41067032609","Washington County, OR - 41067032609","2021","0.51","",
"41","Oregon","41067032610","Washington County, OR - 41067032610","2021","0.50","",
"41","Oregon","41067032700","Washington County, OR - 41067032700","2021","0.77","",
"41","Oregon","41067032800","Washington County, OR - 41067032800","2021","0.72","",
"41","Oregon","41067032901","Washington County, OR - 41067032901","2021","0.67","",
"41","Oregon","41067032902","Washington County, OR - 41067032902","2021","0.67","",
"41","Oregon","41067033000","Washington County, OR - 41067033000","2021","0.72","",
"41","Oregon","41067033101","Washington County, OR - 41067033101","2021","0.60","",
"41","Oregon","41067033102","Washington County, OR - 41067033102","2021","0.66","",
"41","Oregon","41067033200","Washington County, OR - 41067033200","2021","0.64","",
"41","Oregon","41067033301","Washington County, OR - 41067033301","2021","0.52","",
"41","Oregon","41067033302","Washington County, OR - 41067033302","2021","0.73","",
"41","Oregon","41067033400","Washington County, OR - 41067033400","2021","0.77","",
"41","Oregon","41067033500","Washington County, OR - 41067033500","2021","0.76","",
"41","Oregon","41067033600","Washington County, OR - 41067033600","2021","0.76","",
"41","Oregon","41069960100","Wheeler County, OR - 41069960100","2021","0.38","",
"41","Oregon","41071030101","Yamhill County, OR - 41071030101","2021","0.70","",
"41","Oregon","41071030102","Yamhill County, OR - 41071030102","2021","0.64","",
"41","Oregon","41071030201","Yamhill County, OR - 41071030201","2021","0.48","",
"41","Oregon","41071030202","Yamhill County, OR - 41071030202","2021","0.53","",
"41","Oregon","41071030301","Yamhill County, OR - 41071030301","2021","0.70","",
"41","Oregon","41071030302","Yamhill County, OR - 41071030302","2021","0.72","",
"41","Oregon","41071030400","Yamhill County, OR - 41071030400","2021","0.74","",
"41","Oregon","41071030501","Yamhill County, OR - 41071030501","2021","0.76","",
"41","Oregon","41071030502","Yamhill County, OR - 41071030502","2021","0.76","",
"41","Oregon","41071030601","Yamhill County, OR - 41071030601","2021","0.68","",
"41","Oregon","41071030602","Yamhill County, OR - 41071030602","2021","0.72","",
"41","Oregon","41071030701","Yamhill County, OR - 41071030701","2021","0.56","",
"41","Oregon","41071030702","Yamhill County, OR - 41071030702","2021","0.56","",
"41","Oregon","41071030801","Yamhill County, OR - 41071030801","2021","0.41","",
"41","Oregon","41071030802","Yamhill County, OR - 41071030802","2021","0.57","",
"41","Oregon","41071030900","Yamhill County, OR - 41071030900","2021","0.70","",
"41","Oregon","41071031000","Yamhill County, OR - 41071031000","2021","0.71","",
